"NAME","TYPE","WHEN",latitude,longitude,"ADDRESS",zip,"call","FORWHOM"
"St. Ladislas Church (at St. Ignatius of Antioch)","Hot Meal","1st & 3rd Wednesdays: 5:30 - 6:30",41.46558,-81.75649,"10205 Lorain Avenue",44111,"216-251-0300","Open to Anyone"
"St. Ladislas Church (at St. Ignatius of Antioch)","Pantry","2nd Tuesday: 3:30 - 5:30",41.46558,-81.75649,"10205 Lorain Avenue",44111,"216-251-0300","44102 and 44111"
"Morning Star Baptist Church","Hot Meal","2nd, 3rd & 4th Wednesdays: 3:00 - 4:30 (closed in July)",41.48335,-81.61446,"10250 Shaker Boulevard",44104,"216-721-7300","Open to Anyone"
"Project SEVA - Morning Star Baptist Church","Hot Meal","First Wednesday: 2:00 - 4:00 (closed in July)",41.48335,-81.61446,"10250 Shaker Boulevard",44104,"216-721-7300","Open to Anyone"
"Faith Based Initiative","Hot Meal","3rd Monday: 4:00 - 5:30",41.53447,-81.61654,"10313 Garfield Avenue",44108,"216-851-3330","Open to Anyone"
"Adams Avenue Church of Christ","Pantry","4th Saturday: 10:00 - 12:00",41.53025,-81.616,"10407 Adams Avenue",44108,"216-541-2210","Open to Anyone"
"Lee Memorial A.M.E. Church","Hot Meal","3rd Thursday, 3rd Friday & 3rd Sunday: 5:00 - 6:00 (Closed in January)",41.53344,-81.6147,"10512 Bryant Avenue",44108,"216-761-4447","Open to Anyone"
"Lee Memorial A.M.E. Church","Pantry","1st Saturday: 1:00 - 3:00; 3rd Wednesday: 2:00 - 4:00",41.53344,-81.6147,"10512 Bryant Avenue",44108,"216-761-3971","44108 & 44110"
"Mt. Zion Congregational Church UCC","Hot Meal","Last Saturday: 12:00 - 1:00 PM",41.51466,-81.6126,"10723 Magnolia Drive",44106,"216-791-5760","Open to Anyone"
"Avon Avenue Baptist Church","Hot Meal","Last Thursday: 6:00 - 8:00",41.4508,-81.60852,"10902 Avon Avenue",44105,"216-341-0505","Open to Anyone"
"Avon Avenue Baptist Church","Pantry","Tuesdays  Thursdays & Fridays: 10:00 – 12:00",41.4508,-81.60852,"10902 Avon Avenue",44105,"216-883-6120",44105
"Benevolent Love Ministries","Pantry","2nd & 4th Saturdays: 8:30 - 12:00",41.44523,-81.60872,"10917 Miles Avenue",44105,"216-883-8071",
"St. Aloysius Church","Hot Meal","Tuesdays: 5:00 - 6:00",41.5398,-81.60926,"10932 St. Clair Avenue",44108,"216-451-3262","Open to Anyone"
"St. Aloysius Church","Pantry","4th Saturday: 8:30 - 11:30",41.5398,-81.60926,"10932 St. Clair Avenue",44108,"216-451-3262","44104, 44106, 44108 and 44110"
"St. Mark's Baptist Church","Pantry","Tuesdays  Thursdays & Fridays: 2:30 – 4:30",41.48184,-81.60754,"11123 Buckeye Road",44104,"216-421-0053","Within this area: East 93rd Street, East 149th Street, Mt. Overlook Avenue and Kinsman Road"
"Cory Hunger Center","Pantry","Mondays  Tuesdays & Thursdays: 8:00 – 12:00",41.52707,-81.61543,"1117 East 105th Street",44108,"216-451-0577","Glenville and St. Clair -Superior"
"Cory Kitchen","Hot Meal","Last 7 Days of the Month (excluding Saturdays & Sundays): Winter: 4:30 - 5:30 and Summer: 5:30 - 6:30",41.52707,-81.61543,"1117 East 105th Street",44108,"216-451-0460","Glenville"
"St. Philip Lutheran Church","Hot Meal","4th Thursday: 6:00 - 7:00",41.46768,-81.60434,"11315 Regalia Avenue",44104,"216-991-0655","Open to Anyone"
"Ambassadors for Christ","Pantry","4th Saturday: 12:00 - 2:00",41.48882,-81.60308,"11501 Mt. Carmel Road",44104,"No Site Number Available","Open to Anyone"
"Greater Abyssinia Baptist Church","Pantry","3rd Saturday: 9:30 - 11:30",41.52534,-81.61542,"1161 East 105th Street",44108,"216-795-1842","Open to Anyone"
"Church of St. Rita (at the Thea Bowman Center)","Hot Meal","3rd Saturday: 12:00 - 1:00",41.4631,-81.59978,"11901 Oakfield Avenue",44105,"216-491-0699","Open to Anyone"
"Thea Bowman Center","Hot Meal","Saturdays: 12:00 - 1:00",41.4631,-81.59978,"11901 Oakfield Avenue",44105,"216-491-0699","44105 and 44120"
"Thea Bowman Center","Pantry","Saturdays: 1:00 - 2:00 & Last Tuesday: 6:00 - 7:00",41.4631,-81.59978,"11901 Oakfield Avenue",44105,"216-491-0699","44105 and 44120"
"Church of the Living God","Pantry","3rd Saturday: 10:00 - 12:00",41.48022,-81.59849,"12020 Buckeye Road",44104,"No Site Number Available","Open to Anyone"
"Bethany Baptist Church","Pantry","4th Saturday (3rd Saturday in November & December) : 7:30 - 10:00 AM",41.52412,-81.6154,"1211 East 105th Street",44108,"216-791-2673","44103, 44106, 44108 & 44110"
"New Cleveland Foodbasket","Pantry","Wednesdays & Thursdays: 10:00 - 2:00",41.4449,-81.59685,"12210 Miles Avenue",44105,"216-271-9271","Open to Anyone"
"Cooley Avenue Church of God","Pantry","3rd Saturday: 10:30 - 12:00",41.45392,-81.77469,"12401 Cooley Avenue",44111,"216-671-4619","Cleveland Residents"
"Cove United Methodist Church","Hot Meal","2nd Saturday: 5:30 - 7:00",41.49061,-81.77652,"12501 Lake Avenue",44107,"216-521-7424","Open to Anyone"
"Helping Hands of Philemon Community Baptist Church","Hot Meal","Sundays: 5:00 - 7:00; Mondays - Fridays: 10:00 - 12:00",41.54073,-81.59577,"12618 Shaw Avenue",44108,"216-268-5127","Open to Anyone"
"Philemon Community Baptist Church","Hot Meal","Tuesdays: 5:00 - 6:00",41.54073,-81.59577,"12618 Shaw Avenue",44108,"216-268-5127","Open to Anyone"
"St. Martin de Porres Family Center","Pantry","3rd Tuesday, 3rd Wednesday & 3rd Thursday: 9:00 - 12:00",41.52358,-81.60104,"1264 East 123rd Street",44108,"216-268-3909",44108
"Salvation Army - West Park","Pantry","Mondays - Thursdays: 9:00 - 11:30",41.4595,-81.77601,"12645 Lorain Avenue",44111,"216-252-3593","44102, 44107, 44111, 44116, 44126, 44129, 44130, 44134, 44135, 44136, 44140, 44142 and 44145"
"Mt. Nebo Missionary Baptist Church","Hot Meal","Fridays: 5:00 - 6:45",41.52325,-81.59536,"12701 Superior Avenue",44112,"216-761-3133","Open to Anyone"
"Walk of Faith Community Center","Hot Meal","Mondays - Fridays: 9:00 - 10:00",41.45879,-81.7782,"12833 Lorain Avenue",44111,"216-941-3270","Open to Anyone"
"Walk of Faith Community Center","Pantry","Wednesdays: 5:30 - 7:30",41.45879,-81.7782,"12833 Lorain Avenue",44111,"216-941-3270","44111 & 44135"
"Mt. Nebo Missionary Baptist Church","Pantry","4th Friday: 8:00 - 11:00",41.52316,-81.59386,"12919 Superior Avenue",44112,"216-761-3133","Open to Anyone"
"St. Luke / Grace Lutheran Community Meal","Hot Meal","3rd Monday: 5:00 - 7:00",41.47726,-81.78002,"13030 Madison Avenue",44107,"216-221-4959","Open to Anyone"
"Calvary Lutheran Church","Pantry","Tuesdays & Thursdays: 2:30 - 5:30; Saturdays: 8:30 - 11:30",41.52107,-81.59172,"13101 Euclid Avenue",44112,"216-451-1151",44112
"Church of the Ascension","Hot Meal","2nd Thursday: 5:00 - 6:00",41.48482,-81.781,"13216 Detroit Avenue",44107,"216-521-8727","Open to Anyone"
"Word of Righteousness Family Life Center","Pantry","1st Saturday: 12:00 - 2:00",41.43023,-81.58892,"13455 Dressler Avenue",44125,"216-365-3336","44105, 44125, 44137, 44146"
"St. Edward High School Community Meal","Hot Meal","4th Wednesday: 6:00",41.48667,-81.78334,"13500 Detroit Avenue",44107,"216-221-3776 x592","Open to Anyone"
"Gethsemane Apostolic Faith Church","Pantry","2nd Saturday: 1:00 - 3:00",41.44914,-81.58813,"13515 Harvard Avenue",44105,"216-295-2501",
"Lakewood Congregational Church","Hot Meal","1st Wednesday: 5:30 - 7:00",41.48483,-81.82226,"1375 West Clifton Boulevard",44107,"216-221-9555","Cleveland & Lakewood"
"H.E.L.P. Ministry - Greater Faith Missionary Baptist Church","Hot Meal","2nd & 4th Saturdays: 12:00 - 3:00",41.54861,-81.58558,"13816 St. Clair Avenue",44110,"216-541-5505","Open to Anyone"
"Father Mike Wittman Ozanam Center (at St. Philomena Parish)","Pantry","Saturdays: 10:00 - 1:00",41.52609,-81.58584,"13824 Euclid Avenue",44112,"216-541-3540","44106, 44108, 44110, 44112, 44118, 44121 & 44143"
"Blessed Trinity Catholic Church","Hot Meal","2nd Sunday: 12:30 - 1:30 (closed if the 2nd Sunday is a holiday)",41.43361,-81.79096,"14040 Puritas Avenue",44135,"216-671-5890","Open to Anyone"
"Zion Pentecostal Church of Christ","Pantry","2nd & 4th Thursdays: 11:30 - 1:30",41.4487,-81.58346,"14102 Harvard Avenue",44128,"No Site Number Available","Open to Anyone"
"Lakewood Community Services Center","Pantry","Mondays - Fridays: 10:00 - 2:00 & Wednesdays: 5:30 - 7:30 PM",41.47742,-81.79249,"14230 Madison Avenue",44107,"216-226-6466","Lakewood, Rocky River & Westlake"
"New Covenant Lutheran Church","Pantry","Mondays  Wednesdays & Fridays: 11:00 – 2:00",41.53903,-81.58698,"1424 Hayden Avenue",44112,"216-541-1665","Open to Anyone"
"Beth El AME Zion Church","Hot Meal","1st  2nd & 3rd Wednesdays: 4:00 – 6:00",41.51889,-81.60965,"1428 East 110th Street",44106,"216-421-1953","Open to Anyone"
"Lakewood Presbyterian Church","Hot Meal","Last Sunday: 11:30 - 2:00",41.48575,-81.79586,"14502 Detroit Road",44107,"216-226-0514","Open to Anyone"
"Starlight Baptist Church","Pantry","4th Wednesday: 4:00 - 6:00",41.53149,-81.58015,"14516 Euclid Avenue",44112,"216-541-6825",44112
"Our Family Home Center","Hot Meal","Thursdays: 11:00 - 1:00",41.53281,-81.57954,"14681 Euclid Avenue",44112,"216-375-9400","Open to Anyone"
"D'Jakes Community Resources","Pantry","Tuesdays & Thursdays: 10:00 - 12:00",41.53292,-81.57941,"14715 Euclid Avenue",44112,"216-486-8464",
"Greater Bethel A.M.E. Church","Pantry","3rd Saturday: 2:00 - 4:00",41.56604,-81.5784,"14735 Thames Avenue",44110,"216-541-2628","Open to Anyone"
"Beulah Baptist Church of Collinwood","Pantry","2nd Thursday: 4:00 - 6:00",41.55979,-81.5779,"14912 Saranac Road",44110,"216-451-5477","Open to Anyone"
"Imani Church","Pantry","2nd & 4th Saturdays: 10:00 - 1:00",41.588,-81.50268,"1505 East 260th Street",44132,"216-732-8204",44132
"Bread Basket","Pantry","Tuesdays: 5:30 - 7:30 & Thursdays: 1:30 - 3:30",41.45696,-81.80067,"15135 Triskett Road",44111,"216-251-0782","Within this area: Lakewood border, West 117th Street, Lorain Avenue and Fairview Park border. They also serve Fairview Park."
"Collinwood Area Church Council","Pantry","Mondays  Wednesdays & Fridays: 11:45 – 2:30",41.57414,-81.57517,"15220 Lakeshore Boulevard",44110,"216-531-1156","44110 & 44119"
"St. Mary's Hot Meal Program","Hot Meal","2nd & Last Mondays: 6:00 - 7:00",41.56067,-81.57323,"15519 Holmes Avenue",44110,"216-761-7740","Open to Anyone"
"Lakewood United Methodist Church","Hot Meal","4th Tuesday: 6:00 - 7:00",41.48577,-81.80769,"15700 Detroit Avenue",44107,"216-226-8644","Open to Anyone"
"Dunham Avenue Christian Church","Hot Meal","Saturdays: 4:30 - 5:30",41.50909,-81.64435,"1629 East 66th Street",44103,"216-432-1234","Open to Anyone"
"Dunham Avenue Christian Church","Pantry","Last Saturday: 10:00 - 12:00",41.50909,-81.64435,"1629 East 66th Street",44103,"216-432-1234","Open to Anyone"
"Calvary United Methodist Church","Hot Meal","3rd Tuesday: meal starts at 5:30",41.47591,-81.81131,"16305 Hilliard Road",44107,"216-221-4324","Open to Anyone"
"Victory Nazarene Share Ministry","Hot Meal","Thursdays: Meal Starts at 5:30",41.51452,-81.65252,"1632 East 55th Street",44103,"216-881-3115","Open to Anyone"
"Victory Nazarene Share Ministry","Pantry","3rd Saturday: 11:00 - 2:00",41.51452,-81.65252,"1632 East 55th Street",44103,"216-881-3115",44103
"Trinity Lakewood Community Outreach","Pantry","1st Saturday: 9:30 - 12:30 & 2nd Sunday: 2:30 - 5:30",41.48534,-81.81151,"16400 Detroit Avenue",44107,"216-226-8087","Cleveland and Lakewood"
"Trinity Lutheran Church Community Outreach","Hot Meal","1st Monday: 6:00 - 7:30; 1st Saturday: Noon; 3rd Saturday: 12:00 - 1:00 & 2nd Sunday: 4:00 - 5:30",41.48534,-81.81151,"16400 Detroit Avenue",44107,"216-226-8087","Westside of Cleveland and Lakewood"
"Corinthian Baptist Church","Pantry","Tuesdays & Thursdays: 10:00 - 1:00",41.51443,-81.65125,"1643 East 55th Street",44103,"216-391-3688",
"Faith Lutheran Church","Hot Meal","2nd Monday: 5:30 - 7:00",41.47558,-81.81198,"16511 Hilliard Road",44107,"216-226-6500","Open to Anyone"
"Grace Presbyterian Church","Hot Meal","Last Thursday: 5:30 - 7:00",41.47881,-81.80797,"1659 Rosewood Avenue",44107,"216-228-6060","Open to Anyone"
"Southeast Seventh Day Adventist Church","Pantry","3rd Sunday: 2:00 - 4:00",41.43121,-81.56363,"16602 Tarkington Avenue",44128,"216-662-3080","Open to Anyone"
"Lee Seville / Miles Hunger Center","Pantry","Mondays & Wednesdays: 11:00 - 1:00",41.4391,-81.56286,"16718 Miles Avenue",44128,"216-752-9384","44128, Garfield Heights & Warrensville Heights"
"Brook Park Community Church of the Brethren","Pantry","Mondays: 11:00 - 2:00 & Thursdays: 4:00 - 7:00",41.3949,-81.81632,"16845 Holland Road",44142,"216-433-1515","Open to Anyone"
"Maple Heights Pantry","Pantry","Tuesdays: 12:00 - 3:00; Wednesdays: 9:00 - 12:00 & Thursdays: 4:30 - 7:30",41.40781,-81.56012,"17100 Broadway Avenue",44137,"216-365-2842","Maple Heights"
"Bishop William Cosgrove Center","Hot Meal","Mondays - Fridays: Breakfast: 8:00 - 9:00 & Lunch: 12:00 - 3:00",41.5059,-81.68124,"1736 Superior Avenue",44114,"216-781-8262","Open to Anyone"
"Bishop William Cosgrove Center","Pantry","3rd Wednesday & 3rd Friday: 9:00 - 10:30",41.5059,-81.68124,"1736 Superior Avenue",44114,"216-781-8262","44114 & 44115"
"Care on the Square","Hot Meal","1st  3rd 4th & 5th Saturdays: 12:00",41.50465,-81.68013,"1744 Payne Avenue",44114,"440-546-1120","Open to Anyone"
"Collinwood Area Church Council #3 – Grovewood","Hot Meal","Wednesdays: 5:30 - 6:30 & Saturdays: 12:00 -1:00",41.57591,-81.55746,"17625 Grovewood Avenue",44119,"216-692-1388","Open to Anyone"
"Salvation Army - Temple Corps","Pantry","Mondays - Thursdays: 9:00 - 11:30",41.57591,-81.55746,"17625 Grovewood Avenue",44119,"216-692-1388","44110, 44112, 44117,44118, 44119, 44121, 44123, 44124, 44132, 44143 and Collinwood"
"Harvard Community Service Center","Pantry","Tuesdays: 9:00 - 12:00; Wednesdays: 9:00 -12:00 & Thursdays: 1:00 - 3:00",41.44974,-81.55106,"18240 Harvard Avenue",44128,"216-991-8585","44105, 44120, 44122 & 44128"
"Collinwood Area Church Council #2 - Nottingham","Pantry","Tuesdays & Thursdays: 12:00 - 3:00",41.57152,-81.55119,"18316 St. Clair Avenue",44110,"216-481-4827","Collinwood - Nottingham"
"Temple Baptist Church","Pantry","3rd Saturday: 11:30 - 1:30",41.54156,-81.56646,"1862 Noble Road",44112,"216-249-7000","44108, 44110, 44112, 44118, 44121 and 44143"
"Second Ebenezer Missionary Baptist Church","Hot Meal","2nd  3rd & 4th Mondays: 5:00 – 7:00",41.50688,-81.63945,"1881 East 71st Street",44103,"216-391-2100","Open to Anyone"
"Second Ebenezer Missionary Baptist Church","Pantry","2nd & 4th Saturdays: 10:00 - 12:00",41.50688,-81.63945,"1881 East 71st Street",44103,"216-391-2100","Open to Anyone"
"Maple Heights United Methodist Church","Hot Meal","4th Thursday: 6:00 - 8:00",41.41686,-81.54762,"18900 Libby Road",44137,"216-663-6868","Open to Anyone"
"THE WORD Church","Pantry","Saturdays: 10:00 - 12:00 & 1:00 - 3:00",41.43111,-81.54697,"18903 South Miles Road",44128,"216-332-9673","Bedford, Bedford Heights, Garfield Heights, Maple Heights & Warrensville Heights"
"Euclid Foursquare Church","Pantry","4th Saturday: 12:00 - 2:00",41.55842,-81.54727,"18950 Euclid Avenue",44117,"216-531-3040",44117
"Semach Sedek R.I.A.S.","Pantry","Thursdays: 6:00 - 7:00",41.50361,-81.51991,"2004 South Green Road",44121,"216-382-7202","Beachwood, Cleveland Heights, South Euclid & University Heights"
"Shaker Heights Community Hunger Center","Pantry","Last 2 Mondays & Wednesdays: 10:00 - 2:00",41.46263,-81.5382,"20120 Lomond Boulevard",44122,"216-561-8358","Primarily Shaker and East to Moreland Hills"
"Calvary Presbyterian Church","Pantry","3rd Saturday: 10:30 - 12:00",41.50332,-81.6336,"2020 East 79th Street",44103,"216-391-8448","Open to Anyone"
"Trinity Evangelical Lutheran Church","Hot Meal","Last 2 Saturdays: 4:30 - 5:30",41.48179,-81.70646,"2031 West 30th Street",44113,"216-281-1700","Westside and Southside of Cleveland, Downtown, Slavic Village"
"Trinity Evangelical Lutheran Church","Pantry","Last 2 Saturdays: 9:00 - 12:30",41.48179,-81.70646,"2031 West 30th Street",44113,"216-281-1700","Westside and Southside of Cleveland, Downtown, Slavic Village"
"Body of Christ Assembly","Pantry","4th Wednesday: 5:00 - 7:00",41.42873,-81.53535,"20900 Miles Parkway",44128,"216-475-6327","Open to Anyone"
"Lane Central Hunger Center","Pantry","Mondays, Wednesdays & Fridays: 10:30 - 12:30",41.49973,-81.65416,"2131 East 46th Street",44103,"216-391-1108","Within this area: Central Avenue, Cedar Avenue, Carnegie Avenue & Euclid Avenue"
"St. Vincent de Paul Pantry","Pantry","Tuesdays,  Thursdays & Saturdays: 10:00 – 1:00",41.43771,-81.69901,"2145 Broadview Road",44109,"216-644-7610","44102, 44109, 44129, 44130, 44134, 44142, and 44144"
"Our Savior Lutheran Church","Pantry","3rd Saturday: 11:00 - 1:30",41.50431,-81.43858,"2154 SOM Center Road",44124,"440-442-4455","Serve the Mayfield City
School District, which is Gates Mills, Highland Heights, Mayfield Heights and Mayfield Village. They do not serve Lyndhurst, even though it is part of the same ZIP Code."
"St. Andrew's Episcopal Church","Hot Meal","2nd & 3rd Fridays: 5:00 - 7:00",41.49887,-81.65306,"2171 East 49th Street",44103,"216-391-2632","Open to Anyone"
"Fifth Church of God","Hot Meal","1st & 3rd Saturdays: 3:00 - 5:00",41.49859,-81.6599,"2182 East 38th Street",44115,"216-432-2245","Open to Anyone"
"Trinity Cathedral","Hot Meal","Sundays: 12:00 - 1:00",41.50157,-81.67487,"2230 Euclid Avenue",44115,"216-774-0425","Open to Anyone"
"St. John Cantius Hunger Center","Pantry","Tuesdays & Thursdays: 9:00 - 12:00",41.48096,-81.6872,"2265 West 10th Street",44113,"216-781-9095","44113 and Within this area: Clark Avenue, Abbey Road, I-90 and West 5th Street"
"East Shore United Methodist Church - Soup's On!","Hot Meal","Wednesdays: 5:00 - 6:00",41.61264,-81.52116,"23002 Lakeshore Boulevard",44123,"216-261-1688","Open to Anyone"
"Iglesia Nueva Vida - Free Methodist Church","Pantry","2nd & 4th Saturdays: 9:00 - 12:00",41.46706,-81.69904,"2327 Holmden Avenue",44109,"216-741-0511","Cuyahoga County"
"Project Hope","Pantry","Mondays - Fridays: 8:30 - 3:30 (By Appointment)",41.42049,-81.67863,"233 Tuxedo Avenue",44131,"216-739-3702","Brooklyn Heights"
"Faith Community Center","Hot Meal","Wednesdays: 11:30 - 1:00; Thursdays: 11:30 - 12:30 & Saturdays: 2:30 - 3:00",41.49511,-81.65123,"2355 East 55th Street",44104,"216-881-8816","Open to Anyone"
"Friendly Inn Settlement","Pantry","Wednesdays: 12:00 - 2:00 & Thursdays: 10:00 - 12:00",41.49624,-81.65503,"2386 Unwin Road",44104,"216-431-7656","Residents of Carver Park, King Kennedy & Outhwaite Homes"
"THE WORD Church (at Friendly Inn)","Hot Meal","4th Thursday: 6:00 - 8:00",41.49624,-81.65503,"2386 Unwin Road",44104,"216-332-9673","Open to Anyone"
"Bay Presbyterian Church (at St. Malachi's)","Hot Meal","Saturdays: 7:30 - 10:00 a.m.",41.49249,-81.70754,"2459 Washington Avenue",44113,"216-526-9597","Open to Anyone"
"Boulevard Presbyterian Church","Hot Meal","3rd Sunday: 1:00 - 3:00",41.61682,-81.51143,"24600 Lakeshore Boulevard",44123,"216-731-8147","Open to Anyone"
"Imani Temple Ministries","Pantry","4th Thursday: 3:00 - 6:00",41.5239,-81.55527,"2463 North Taylor Road",44118,"216-231-9902","Open to Anyone"
"Workmen's Circle Educational Center","Pantry","Tuesdays - Fridays: 10:00 - 1:00 (By Appointment); 3rd Thursday: 10:00 - 2:00 for walk ins",41.51614,-81.56988,"2490 Lee Boulevard",44118,"216-381-4515","44106, 44110, 44112, 44118, 44121, 44122, 44124 & 44143"
"Bay Food Ministry","Pantry","Last Friday: 10:00 - 12:00",41.48439,-81.90019,"25415 Lake Road",44140,"440-871-3822","Bay Village"
"Pilgrim Congregational Church","Pantry","Tuesdays & Thursdays: 10:00 - 12:00",41.47691,-81.69186,"2592 West 14th Street",44113,"216-861-7388","44109 & 44113"
"Bethlehem Temple of Praise Church","Pantry","3rd Saturday: 12:00 - 2:00",41.45259,-81.70198,"2607 Archwood Avenue",44109,"216-335-9115",
"Refuge Family Worship Center","Pantry","1st Saturday: For Emergencies & 3rd Saturday: 10:00 - 1:00",41.59284,-81.49975,"26219 Tungsten Road",44132,"216-338-6414","Open to Anyone"
"God's House of Prayer","Pantry","3rd Saturday: 8:30 - 11:00",41.48719,-81.61558,"2632 Woodhill Road",44104,"216-229-5606",44104
"Greater Mount Tabor Missionary Baptist Church","Pantry","3rd Saturday: 11:00 - 1:00",41.48685,-81.62195,"2646 East 93rd Street",44104,"216-231-1150",44104
"Zion United Church of Christ","Hot Meal","Saturdays: 4:30 - 5:30",41.47577,-81.69137,"2716 West 14th Street",44113,"216-861-2371",44113
"Zion United Church of Christ","Pantry","4th Saturday: 1:00 - 3:00",41.47577,-81.69137,"2716 West 14th Street",44113,"216-861-2371",44113
"New Zion Gospel Church","Pantry","4th Saturday (3rd Saturday in November & December; Closed in January): 11:00 - 1:00",41.48436,-81.62419,"2747 East 90th Street",44104,"216-421-5355","Open to Anyone"
"East End Senior Center","Pantry","2nd Friday: 10:00 - 1:00 (Seniors Only)",41.48338,-81.61743,"2749 Woodhill Road",44104,"216-791-9378","44103, 44104, 44105 & 44120"
"New Life Gospel Center","Pantry","2nd & 3rd Thursdays: 11:30 - 1:00",41.48124,-81.61029,"2856 Martin Luther King Jr.Drive",44104,"216-791-6800","Open to Anyone"
"Euclid Hunger Task Force","Pantry","Wednesdays & Saturdays: 10:00 - 1:00",41.60847,-81.52656,"291 East 222nd Street",44123,"216-731-3329","Euclid"
"Redeemer Crisis Center","Pantry","Mondays, Wednesdays & Fridays: 10:00 - 1:00; 2nd Sunday: 4:00 - 6:00",41.47188,-81.70172,"2970 West 30th Street",44113,"216-631-6434","Within this area: I-90, Trowbridge Avenue, Storer Avenue, West 65th Street, Railroad Tracks/Cuyahoga River"
"Abundance Food Pantry","Pantry","Tuesdays & Thursdays: 1:00 - 3:00",41.51991,-81.56915,"3031 Monticello Boulevard",44118,"216-321-2660","44106, 44108, 44110, 44112, 44118, 44120 and 44121"
"St. Michael the Archangel - St. Procop Pantry Program","Pantry","Mondays, Tuesdays, Thursdays & Fridays: 1:00 - 3:00",41.46947,-81.69747,"3114 Scranton Road",44109,"216-621-3847","44103 and 44109"
"St. Michael the Archangel","Hot Meal","Last Sunday (or Sunday before if last is a holiday): 1:30 - 2:30",41.46889,-81.69711,"3115 Scranton Road",44109,"216-621-3847","Open to Anyone"
"West Side Catholic Center","Hot Meal","Mondays - Fridays; 12:00 - 12:45; Saturdays: 9:00 - 10:00 & 4:30 - 5:30",41.48239,-81.70744,"3135 Lorain Avenue",44113,"216-631-4741","Open to Anyone"
"West 58th Street Church of God","Pantry","1st Saturday: 9:00 - 12:00",41.46838,-81.72598,"3150 West 58th Street",44102,"216-281-2958",44102
"Solon Rotary Club","Pantry","4th Tuesday: 4:00 - 6:00",41.40933,-81.4519,"32001 Cannon Road",44139,"440-349-6363",
"Quinn Chapel","Pantry","2nd  4th & 5th Wednesdays: 11:00 – 1:00",41.46979,-81.59149,"3241 East 130th Street",44120,"216-752-4803","Open to Anyone"
"Golgotha Baptist Church","Hot Meal","1st  2nd 3rd & 4th Fridays: 5:00 - 6:00",41.4703,-81.62158,"3250 East 93rd Street",44104,"216-441-4224","Open to Anyone"
"Golgotha Baptist Church","Pantry","2nd & 4th Tuesdays: 10:00 - 12:00",41.4703,-81.62158,"3250 East 93rd Street",44104,"216-441-4224","Open to Anyone"
"Iglesia Sinai","Pantry","Last Wednesday: 4:00 - 6:00",41.4661,-81.6987,"3256 Scranton Road",44109,"216-398-6308","Open to Anyone"
"United Hearts Life Mission Center","Pantry","Mondays, Wednesdays & Fridays: 9:00 - 12:00 & 1:00 - 3:00",41.44001,-81.70217,"3339 Broadview Road",44109,"216-459-9839","44102, 44109, 44111, 44113, 44114, 44115, 44127, 44134 and 44144"
"Christ Episcopal Church","Hot Meal","3rd Saturday: 12:00 - 1:00",41.4658,-81.53618,"3445 Warrensville CenteR Road",44122,"216-991-3432","Open to Anyone"
"New Sardis Primitive Baptist Church","Pantry","2nd & 4th Tuesdays: 9:30 - 11:30 (Closed in August)",41.46579,-81.57911,"3474 East 147th Street",44122,"216-921-1912","Open to Anyone"
"New Freedom Ministries","Hot Meal","2nd & 4th Saturdays: 3:00 - 6:00",41.46461,-81.5753,"3476 East 152nd Street",44120,"216-295-1530","Mount Pleasant"
"Mount Haven Baptist Church","Pantry","Tuesdays: 11:30 - 1:00 & Saturdays: 10:00 - 11:30",41.4649,-81.60744,"3484 Martin Luther King Jr Drive",44104,"216-441-2770","Open to Anyone"
"Mercy Seat Mission","Hot Meal","Mondays, Wednesdays & Last Friday: Meal Served at Noon",41.44282,-81.70721,"3510 Broadview Road",44109,"216-749-7778","Open to Anyone"
"Church on the Rise","Pantry","1st & 3rd Sundays: 11:00 - 1:00",41.42809,-81.95249,"3550 Crocker Road",44145,"440-808-0200","Westlake and Surrounding Communities"
"Community of Faith","Hot Meal","Sundays: 7:00 - 8:00 AM",41.54773,-81.60171,"356 Eddy Road",44108,"216-956-5206","Open to Anyone"
"St. Patrick's Church","Hot Meal","Tuesdays  Wednesdays & Thursdays: 4:30 – 6:30",41.48318,-81.71149,"3610 Bridge Avenue",44113,"216-281-5854","Open to Anyone"
"WSEM Food Center at Near West Food & Family Service Center (at St. Patrick's Church)","Pantry","Mondays  Wednesdays & Fridays: 10:00 – 2:00",41.48318,-81.71149,"3610 Bridge Avenue",44113,"216-281-5854","44102 & 44113"
"Heights Emergency Food Center","Pantry","Mondays: 4:00 - 6:00; Tuesdays & Fridays: 9:00 -11:30; Thursdays: 9:00 - 2:30 plus last 2 Thursdays: 5:30 - 7:30",41.52114,-81.54911,"3663 Mayfield Road",44121,"216-381-0707","Cleveland Heights, Lyndhurst, South Euclid & University Heights"
"Saints Robert & William Parish","Hot Meal","Last Tuesday: 5:30 - 6:30",41.61761,-81.50238,"367 East 260th Street",44132,"216-731-1515","Open to Anyone"
"Triedstone Community Care Center","Pantry","Tuesdays & Thursdays: 10:00 - 1:00",41.49324,-81.66119,"3782 Community CollegeAvenue",44115,"216-432-9749","Within this area: East 22nd Street, Central Avenue, East 40th Street & Woodland Avenue "
"WSEM Food Center at Brookside Hunger Center","Pantry","Mondays - Fridays: 10:00 - 2:00",41.45121,-81.70175,"3802 Pearl Road",44109,"216-749-4295","44102, 44109, 44129, 44130, 44144 & Within this area: South to Tiedeman Road, North to Storer Avenue, West 72nd Street & East 2nd Street"
"Bethany Christian Church","Hot Meal","Last Wednesday: 5:30 - 6:30",41.45808,-81.60657,"3940 Martin Luther King Jr Boulevard",44105,"216-341-1132","Open to Anyone"
"Bridge of Hope Center","Pantry","1st / 3rd Fridays: 5:00 - 8:00 & 1st / 3rd Saturdays: 9:00 - 12:00",41.45172,-81.56477,"3949 Lee Road",44128,"216-276-0571","Within this area: East 151st Street, East 189th Street, Harvard Avenue & Stockbridge Avenue"
"May Dugan Multi Service Center","Pantry","4th Wednesday: 9:00 - 1:00 (Open the 3rd Wednesday in November & December)",41.48099,-81.71463,"4115 Bridge Avenue",44113,"216-631-5800","Near Westside of Cleveland"
"St. Paul AME Church","Pantry","Fridays: 9:30 - 12:00",41.44149,-81.78514,"4118 Brookside Boulevard",44135,"216-941-6767",
"Confirmed Word Faith Center","Pantry","1st & 3rd Saturdays: 10:00 - 12:00",41.44683,-81.59121,"4130 East 131st Street",44105,"216-704-8602","Open to Anyone"
"Salvation Army - Miles Park","Hot Meal","Last 5 Business Days of the Month: 12:00 - 1:00",41.44599,-81.62095,"4139 East 93rd Street",44105,"216-341-1640","44105, 44120, 44122, 44125, 44127, 44128, 44137 and 44139"
"Salvation Army - Miles Park","Pantry","Mondays - Thursdays: 9:00 - 11:30",41.44599,-81.62095,"4139 East 93rd Street",44105,"216-861-8185","44105, 44120, 44122,44125, 44127, 44128, 44137 and Bedford"
"Southeast Clergy Council Center","Pantry","Tuesdays, Thursdays & Last Saturday: 9:30 - 11:45",41.40901,-81.52731,"415 Northfield Road",44146,"440-232-5115","Bedford, Bedford Heights, Garfield Heights, Solon, Walton Hills and Warrensville Heights"
"Pearl Road United Methodist Church","Hot Meal","1st 2 Thursdays: 6:00 - 7:00 & Last 2 Sundays: 5:00 - 6:00",41.44087,-81.70548,"4200 Pearl Road",44109,"216-661-5642","Open to Anyone"
"Mt. Zion Fellowship Church","Pantry","Wednesdays: 7:30 - 8:30 PM & Saturdays: 12:00 1:30",41.44513,-81.53109,"4265 Northfield Road",44128,"216-292-3131","44122, 44128, 44137 (only Libby Road, Northfield Road and Warrensville Center Road) and 44146"
"Holy Spirit Catholic Church","Hot Meal","Wednesdays: 4:30 - 6:00",41.44134,-81.58936,"4341 East 131st Street",44105,"216-581-0981","Open to Anyone"
"St. Mary of Egypt Orthodox Mission","Pantry","3rd Saturday: 1:00 - 2:00",41.43594,-81.7069,"4345 State Road",44109,"440-473-3885",
"Bountiful Basement (at Blessed TrinityCatholic Church)","Pantry","Tuesdays: 9:30 - 12:00",41.43646,-81.79132,"4370 West 140th Street",44135,"216-671-3870","44111, 44135 & East of West 117th Street"
"Salvation Army - Ohio City","Pantry","Mondays - Thursdays: 9:00 - 11:30",41.46975,-81.71659,"4400 Clark Avenue",44109,"216-631-1515","44102, 44109, 44113 Dand 44144"
"Salvation Army - Ohio City","Hot Meal","Wednesdays: 12:00 - 1:00",41.46975,-81.71659,"4402 Clark Avenue",44109,"216-631-1515","Open to Anyone"
"St. Herman's FOCUS Cleveland","Hot Meal","Daily: Breakfast: 6:00 - 6:30; Lunch: 11:30 - 12:30 D& Dinner: 5:30 - 6:30",41.48566,-81.71708,"4410 Franklin Boulevard",44113,"216-631-9860","Open to Anyone"
"A.C.E. Ministry / Affinity Baptist Church","Pantry","2nd & 4th Saturdays: 11:00 - 2:30",41.43782,-81.55664,"4411 East 175th Street",44128,"216-283-4365","Open to Anyone"
"St. Paul's Community Outreach","Pantry","Tuesdays - Fridays: 10:00 - 11:00",41.48533,-81.71664,"4427 Franklin Boulevard",44113,"216-651-6250","44102 and 44113"
"St. Patrick's Catholic Church","Pantry","Mondays - Fridays: By Delivery Appointment",41.43513,-81.82125,"4427 Rocky River Drive",44135,"216-251-1200",
"North Presbyterian Church","Hot Meal","Last 2 Thursdays: 5:00 - 6:30; Sundays: 12:30 - 2:00",41.51535,-81.6587,"4515 Superior Avenue",44103,"216-431-3726","Open to Anyone"
"University Settlement","Hot Meal","Tuesdays: 6:00 - 7:00",41.47385,-81.65852,"4800 Broadway Avenue",44127,"216-641-8948","44105,  44125 and 44127"
"University Settlement","Pantry","Tuesdays - Fridays: 11:30 - 2:00 & Tuesdays: 6:00 - 7:00",41.47385,-81.65852,"4800 Broadway Avenue",44128,"216-641-8948","44105,  44125 and 44127"
"St. Leo the Great","Pantry","3rd Tuesday: 8:30 - 11:00",41.42041,-81.6956,"4940 Broadview Road",44113,"216-661-1008","Church Parish Territory"
"Warrensville Road Community Baptist Church","Hot Meal","Wednesdays: 5:00 - 6:00",41.42306,-81.5373,"5045 Warrensville CenterRoad",44137,"216-663-5683","Open to Anyone"
"Parma Hunger Center","Pantry","Tuesdays: 2:00 - 4:00 & Fridays: 10:00 - 12:00",41.41672,-81.69477,"5280 Broadview Road",44134,"216-351-6376","Brooklyn Heights, Parma, Parma Heights and Seven Hills"
"Refuge Ministries Development","Pantry","2nd Wednesday: 11:00 - 1:00",41.45579,-81.653,"5322 Fleet Avenue",44105,"216-812-8560",
"Garfield Heights Senior Center","Pantry","3rd Wednesday: 1:00 - 2:00 & 3rd Thursday: 6:00 - 7:00",41.41532,-81.60471,"5407 Turney Road",44125,"216-475-3244","Garfield Heights"
"Shiloh Baptist Church","Hot Meal","Last Saturday: 12:00 - 1:30",41.49142,-81.65118,"5500 Scovil Avenue",44104,"216-881-7337",
"St. Mary's House of Hospitality","Hot Meal","Tuesdays: 4:00 - 5:30",41.4115,-81.72315,"5500 West 54th Street",44129,"No Site Number Available","Open to Anyone"
"First Beulah Baptist Church","Hot Meal","2nd/4th Mondays & 2nd/4th Tuesdays: 3:00 - 4:00",41.48768,-81.65004,"5706 Woodland Avenue",44104,"216-426-8543","Open to Anyone"
"Community A.M.E. Church","Hot Meal","Last 2 Wednesdays: 4:00 - 6:00",41.51127,-81.64941,"5805 Lexington Avenue",44103,"216-269-3870","Open to Anyone"
"St. Vincent de Paul - Woodland","Pantry","Fridays: 8:30 - 11:30",41.48811,-81.64856,"6001 Woodland Avenue",44104,"216-391-7231","Open to Anyone"
"St. Vitus Church","Pantry","Second to Last Wednesday of the Month: 11:30 - 1:30",41.52228,-81.64934,"6019 Lausche Avenue",44103,"216-361-1444","Within this area: East 55th Street, East 72nd Street, Lakeside Avenue and Superior Avenue"
"Pilgrim Church of Christ","Hot Meal","3rd Tuesday & 3rd Wednesday: 4:00 - 5:00 (closed in January and July)",41.54039,-81.61595,"616 East 105th Street",44108,"216-761-2279","Open to Anyone"
"Parma Heights Food Pantry","Pantry","Mondays: 9:00 - 12:00; Wednesdays: 1:00 - 4:00 & Thursdays: 5:00 - 7:00",41.39006,-81.76212,"6285 Pearl Road",44130,"440-842-6491","Parma Heights residents and those who worship in Parma Heights"
"Project SEVA - Hopewell","Hot Meal","Last Saturday: 12:00 - 1:00",41.51208,-81.64632,"6403 Linwood Avenue",44103,"216-881-3008","Open to Anyone"
"Lazarus Community Development Corporation","Pantry","3rd Saturday: 11:00 - 1:00",41.5249,-81.64595,"6424 St. Clair Avenue",44103,"216-695-8593",44103
"Fatima Family Center","Pantry","Last Tuesday & Wednesday: 1:00 - 3:00",41.51093,-81.64447,"6600 Lexington Avenue",44103,"216-391-0505","44103,  44104 & 44106"
"St. Albert the Great Parish","Hot Meal","Last Sunday: 4:00 - 5:00",41.32195,-81.73315,"6667 Wallings Road",44133,"440-237-6760",
"Vineyard Church of Parma Heights","Pantry","2nd & 4th Saturdays: 12:00 - 2:00",41.38004,-81.75912,"6735 York Road",44130,"440-884-8463","Open to Anyone"
"Fatima Family Center","Hot Meal","Tuesdays: 5:30 - 6:30",41.51065,-81.6426,"6800 Lexington Avenue",44103,"216-391-0505","Open to Anyone"
"Way of Escape Ministries","Hot Meal","Last Wednesday: 4:30 - 7:00",41.4617,-81.73479,"6818 Denison Avenue",44102,"216-631-9636","Open to Anyone"
"Middleburg Heights Food Pantry","Pantry","Tuesdays: 10:00 - 12:00 & Thursdays: 5:00 - 7:00",41.37988,-81.80763,"6877 Middlebrook Boulevard",44130,"216-362-0044","Middleburg Heights residents or members of Middleburg Heights Churches"
"Parma Christian Church","Pantry","3rd Wednesday: 9:00 - 1:00",41.37493,-81.73483,"7000 Ridge Road",44129,"440-842-1614","Parma, North Royalton & Seven Hills"
"We C.A.R.E. Community Outreach Ministries","Pantry","3rd Tuesday: 10:30 - 1:00",41.50079,-81.64003,"7025 Cedar Avenue",44103,"216-431-4130",
"Garden Valley Neighborhood House","Pantry","Memorial Day - Labor Day: Mondays: 6:00 - 7:30; Tuesdays & Thursdays: 11:30 - 1:00; After Labor Day: Tuesdays, Thursdays & Saturdays: 11:30 -1:00",41.47956,-81.63908,"7100 Kinsman Road",44104,"216-641-5558","44104,  44105 & 44120"
"St. Timothy Missionary Baptist Church","Hot Meal","4th Wednesday: 12:00 - 1:30",41.50204,-81.6391,"7101 Carnegie Avenue",44103,"216-391-0064","Open to Anyone"
"St. Timothy Missionary Baptist Church","Pantry","Last Thursday & Last Friday: 9:30 - 1:30",41.50204,-81.6391,"7101 Carnegie Avenue",44103,"216-391-0064","44102 & 44109"
"Christian Family Outreach","Hot Meal","2nd Monday, 2nd Wednesday & 2nd Friday: 4:30-6:30; and 2nd Tuesday & 2nd Thursday: 3:00-5:00",41.53783,-81.61544,"711 East 105th Street",44108,"216-451-7816",
"Holy Family Food Pantry","Pantry","By Appointment",41.3659,-81.75964,"7367 York Road",44130,"440-842-5533","Parma Heights & Southwest part of Parma"
"Better Living Center","Hot Meal","Tuesdays: 11:00 - 1:00",41.5368,-81.61514,"745 East 105th Street",44108,"216-541-6203","Northeast Ohio"
"Mt. Sinai Baptist Church","Pantry","2nd & 4th Fridays: 11:00 - 12:30 (3rd Friday in November & December)",41.48805,-81.63629,"7510 Woodland Avenue",44104,"216-431-1361","Cuyahoga County"
"The Church C.O.G.I.C.","Pantry","2nd and 4th Saturdays: 10:00 - 12:00",41.47855,-81.63583,"7541 Kinsman Road",44104,"216-341-0385","Open to Anyone"
"Church of God and True Holiness Temple","Pantry","4th Tuesdays & Thursdays: 4:30 - 6:00",41.50314,-81.63482,"7710 Euclid Avenue",44103,"216-391-2167",
"Emmanuel Baptist Church","Hot Meal","Wednesdays: 11:00 - 12:45",41.49366,-81.63281,"7901 Quincy Avenue",44104,"216-432-2212","Open to Anyone"
"St. Philip Neri Family Center","Hot Meal","Wednesdays: 11:30 - 12:30",41.53293,-81.63155,"799 East 82nd Street",44103,"216-391-4415","Open to Anyone"
"St. Philip Neri Family Center","Pantry","Last Friday: 9:00 - 12:00 & Emergencies",41.53293,-81.63155,"799 East 82nd Street",44103,"216-391-4415","44103,  44106 and 44108"
"St. Philip Neri Sunday Meals Program (Divine Word)","Hot Meal","Sundays: 11:30 - 12:30",41.53293,-81.63155,"799 East 82nd Street",44103,"440-256-1412",44103
"Manna House Recovery & Resource Center","Pantry","3rd Saturday: 2:00 - 4:00",41.5003,-81.63203,"8021 Cedar Avenue",44103,"216-432-2598","44103,  44104 & 44106"
"Northeast Church of God","Hot Meal","Wednesdays: 4:00 - 6:00",41.52441,-81.63177,"8108 Pulaski Avenue",44103,"216-391-3410","Open to Anyone"
"EBC Fery Development Senior Program","Hot Meal","Mondays, Tuesdays, Thursdays & Fridays: 12:30-1:30",41.55714,-81.57503,"813 East 152nd Street",44110,"216-761-5229","Open to Anyone"
"EBC Fery Development Senior Program","Pantry","Last Thursday: 1:00 - 3:00",41.55714,-81.57503,"813 East 152nd Street",44110,"216-761-5229","Collinwood"
"Emmanuel Christian Church","Pantry","Last Saturday: 10:00 - 11:30",41.52039,-81.6305,"8201 Superior Avenue",44103,"216-795-0910","44103,  44106 & 44108"
"Open Door Missionary Baptist Church","Pantry","Last Friday: 9:00 - 11:00",41.48849,-81.63009,"8215 Woodland Avenue",44104,"216-721-0177","Fairfax"
"Greater New Calvary Baptist Church","Hot Meal","Last Full Week: Monday - Friday: 4:00 - 6:00",41.55619,-81.57714,"822 East 150th Street",44110,"216-761-0486","Open to Anyone"
"The House That Wisdom Built","Pantry","2nd Tuesday: 7:30 - 11:30",41.55619,-81.57714,"822 East 150th Street",44110,"216-321-0022",44110
"Pope John Paul II Ozanam Center (at Holy Name Church)","Pantry","Saturdays: 9:30 - 1:30",41.44971,-81.62895,"8328 Broadway Avenue",44105,"216-441-6373","44105, 44125, 44127"
"St. James Food Closet","Pantry","3rd Friday: 12:00 - 2:30",41.49999,-81.62879,"8401 Cedar Avenue",44103,"216-231-3562","Fairfax"
"Simpson United Methodist Church","Pantry","Last Wednesday: 9:00 - 12:00",41.4694,-81.74317,"8519 Clark Avenue",44102,"216-281-9776","Open to Anyone"
"Bread of Life / Antioch Development Corporation","Pantry","Mondays, Wednesdays & Fridays: 12:00 - 3:00; 4th Week: 10:00 - 12:00 & 1:00 - 3:00",41.50079,-81.62733,"8520 Carnegie Avenue",44106,"216-229-2200","Within this area: North of Woodland, East of East 71st Street, South of Wade Park Avenue between East 105th Street and East 125th Street, and South of Chester Avenue. They also serve Little Italy."
"St. Innocent Orthodox Church","Hot Meal","1st & 3rd Sundays: 5:00 - 6:00",41.36583,-81.91204,"8526 Usher Road",44138,"440-235-4558","Open to Anyone"
"St. Matthew United Methodist Church","Hot Meal","2nd, 3rd,  4th and 5th Saturdays: 12:00 – 1:00",41.51588,-81.62747,"8601 Wade Park Avenue",44106,"216-231-7622","Open to Anyone"
"Antioch Development Corporation","Hot Meal","Mondays: 4:00; Tuesdays & Thursdays: 11:00",41.50004,-81.62492,"8869 Cedar Avenue",44106,"216-421-1516","Open to Anyone"
"Salvation Army - Superior","Hot Meal","Last 5 Business Days of the Month: 12:00 - 1:00",41.52067,-81.62508,"9000 Superior Avenue",44106,"216-229-6065","Open to Anyone"
"Salvation Army - Superior","Pantry","Mondays - Thursdays: 9:00 - 11:30",41.52067,-81.62508,"9000 Superior Avenue",44106,"216-229-6065","44103, 44104, 44106, 44108, 44114 & 44115"
"Iglesia de Dios Pentecostal","Pantry","2nd & 4th Wednesdays: 5:00 - 7:00",41.50588,-81.49436,"913 College Avenue",44113,"216-241-3418","Tremont"
"The Rock Community Church","Pantry","3rd Saturday: 8:00 - 11:00; Wednesdays: 5:30 -6:30 (except before the 3rd Saturday) & Sundays: 11:15 - 12:30",41.42931,-81.6197,"9403 Garfield Boulevard",44125,"216-429-2636","44105, 44125, 44128,44131 and 44137"
"St. Catherine Church","Pantry","Tuesdays & Thursdays: 9:30 - 11:00",41.46519,-81.61972,"9412 Heath Avenue",44104,"No Site Number Available","Within this area: Harvard Avenue, Martin Luther King, East 71st Street and East 79th Street"
"Calvary Apostolic Assembly","Pantry","3rd Saturday: 9:30 - 11:30",41.48318,-81.61947,"9510 Buckeye Road",44104,"216-231-8889","Open to Anyone"
"South Hills Lend-A-Hand","Pantry","3rd Saturday: 8:00 - 10:00",41.30712,-81.68459,"9543 Broadview Road",44147,"440-526-0514","Broadview Heights, Independence and Seven Hills"
"Freedom Foundation","Pantry","4th Saturday: 11:00 - 1:00",41.47075,-81.61768,"9700 Kinsman Road",44104,"216-341-3221","Open to Anyone"
"Start Right Community Development Corp.","Pantry","4th Saturday: 11:00 - 1:00",41.53493,-81.56125,"977 Caledonia Avenue",44112,"216-458-1808","Open to Anyone"
"Messiah International Ministries","Pantry","2nd & 4th Saturdays: 9:00 - 1:00",41.39628,-81.53694,"98 Center Road",44116,"440-735-3473","Open to Anyone"
"Denison Avenue United Church of Christ","Pantry","4th Tuesday: 10:00 - 11:30",41.4664,-81.75277,"9900 Denison Avenue",44102,"216-631-0904","44102 & 44111"
"East Mount Zion Baptist Church","Pantry","Saturday after the 3rd Sunday (Except Thanksgiving & Christmas): 10:30 - 11:30",41.50346,-81.61839,"9990 Euclid Avenue",44106,"216-231-0408","Open to Anyone"
"From Darkness to Light","Pantry","Last Wednesday by Appointment",;,"Delivery Program",,"800-335-8834","Open to Anyone"
"All Faiths Pantry","Pantry","According to Delivery Schedule Mondays - Saturdays for Seniors and the Homebound (Contact program for more information)",;,"Delivery Program for Seniors/Homebound",,"216-496-4329","Berea, Brook Park, Brooklyn, Cleveland's Old Brooklyn Neighborhood, Middleburg Heights, North Royalton, Parma & Parma Heights"
"Rescuing the Perishing  Inc.","Hot Meal","Tuesdays: 7:00 - 8:00",41.50465,-81.68013,"1700 Payne Avenue",44114,"440-777-3333","Open to Anyone"
"A.C.E. Ministry / Affinity Baptist Church","Hot Meal","Saturdays: 4:00 - 9:00",;,"Shelter / Mobile Route",,"216-283-4365","Shelter / Mobile Route"
"Manna Food From Heaven Ministries","Hot Meal","1st Saturday: 4:00 - 6:00 AM & Thursdays: 12:00- 1:00",;,"Shelter / Mobile Route",,"N / A","Shelter / Mobile Route"
"Salvation Army - Canteen","Hot Meal","Times and Stops along the Route Vary (Contact program for more information)",;,"Shelter / Mobile Route",,"216-619-4707","Shelter / Mobile Route "
"St. Paschal's Helping Hands","Hot Meal","Wednesdays: 4:30 - 9:30 PM & Saturdays: 4:30 - 10:00 PM",;,"Shelter / Mobile Route",,"440-442-3410","Shelter / Mobile Route"
"The Labre Project","Hot Meal","Fridays: 5:00 - 11:00 PM",;,"Shelter / Mobile Route",,"216-397-6227","Shelter / Mobile Route"
"We Care Connection","Hot Meal","2nd & 3rd Sundays: 1:00 - 6:00",;,"Shelter / Mobile Route",,"216-661-7379","Shelter / Mobile Route"
